{
  "norm_stats": {
    "state": {
      "mean": [
        -0.004754798021167517,
        0.014998992905020714,
        -0.0013814950361847878,
        0.44790807366371155,
        -0.5580391883850098,
        0.01804209314286709,
        -0.036604370921850204,
        0.4749419391155243,
        0.5362678170204163,
        0.4329926371574402,
        -0.1096959039568901,
        0.6761428713798523,
        0.5154389142990112,
        0.44137731194496155,
        -0.06724090874195099,
        0.8234452605247498,
        0.5375749468803406,
        0.5118550062179565,
        0.24429108202457428,
        -0.17486393451690674,
        0.8195372819900513,
        0.47658711671829224,
        0.48678678274154663,
        0.4157348573207855,
        0.8833187818527222,
        0.03229127079248428,
        0.07360973209142685,
        -0.13778315484523773
      ],
      "std": [
        0.08049259334802628,
        0.10618568956851959,
        0.07779614627361298,
        1.0420372486114502,
        0.9946244955062866,
        1.4862688779830933,
        0.17995701730251312,
        0.33644425868988037,
        0.2859596014022827,
        0.2973646819591522,
        0.1435878723859787,
        0.32575157284736633,
        0.2802305817604065,
        0.3021581172943115,
        0.14460670948028564,
        0.29114535450935364,
        0.3301254212856293,
        0.33049869537353516,
        0.14914493262767792,
        0.11160673201084137,
        0.28065788745880127,
        0.2870124876499176,
        0.2987370491027832,
        0.21748794615268707,
        0.1815245896577835,
        0.11493019759654999,
        0.2315768301486969,
        0.24820709228515625
      ],
      "q01": [
        -0.16288191157579424,
        -0.15451276068091394,
        -0.17044411838054657,
        -2.4860390448093415,
        -2.4346050027847292,
        -2.7656502079963685,
        -0.2813600290477276,
        -0.07963888591527939,
        0.15606512131392955,
        0.15519920612573623,
        -0.281151000893116,
        0.013772023214399812,
        0.156091919618845,
        0.1544295521080494,
        -0.27999378142356873,
        0.19267592225968838,
        0.15555863009095192,
        0.15505048478245737,
        0.07651677981168031,
        -0.2810725101351738,
        0.2549397359132767,
        0.15552780516147613,
        0.15541069355010986,
        -0.22413883709907534,
        0.3568934711933136,
        -0.1688912389278412,
        -0.5396326673030853,
        -0.9673763487562537
      ],
      "q99": [
        0.14015235596895215,
        0.18434016065597536,
        0.16007940864562992,
        2.17171534614563,
        2.0342981898307793,
        2.750942857265472,
        0.28034671500325203,
        1.2414278241217136,
        1.3142313055425883,
        1.342763519024849,
        0.2772518630385399,
        1.3866572585061192,
        1.3271241618782281,
        1.3464105792343617,
        0.27908979096412656,
        1.388179167956114,
        1.385416716709733,
        1.3826819677621125,
        0.705335477566719,
        0.2085360585570335,
        1.385508349737525,
        1.3220150576889516,
        1.2879008986473084,
        0.8357992524862288,
        1.1010118613421915,
        0.1691359202563763,
        0.47539644834995265,
        0.08084816666096462
      ]
    },
    "actions": {
      "mean": [
        -0.004754798021167517,
        0.014998992905020714,
        -0.0013814950361847878,
        0.44790807366371155,
        -0.5580391883850098,
        0.01804209314286709,
        -0.036604370921850204,
        0.4749419391155243,
        0.5362678170204163,
        0.4329926371574402,
        -0.1096959039568901,
        0.6761428713798523,
        0.5154389142990112,
        0.44137731194496155,
        -0.06724090874195099,
        0.8234452605247498,
        0.5375749468803406,
        0.5118550062179565,
        0.24429108202457428,
        -0.17486393451690674,
        0.8195372819900513,
        0.47658711671829224,
        0.48678678274154663,
        0.4157348573207855,
        0.8833187818527222,
        0.03229127079248428,
        0.07360973209142685,
        -0.13778315484523773
      ],
      "std": [
        0.08049259334802628,
        0.10618568956851959,
        0.07779614627361298,
        1.0420372486114502,
        0.9946244955062866,
        1.4862688779830933,
        0.17995701730251312,
        0.33644425868988037,
        0.2859596014022827,
        0.2973646819591522,
        0.1435878723859787,
        0.32575157284736633,
        0.2802305817604065,
        0.3021581172943115,
        0.14460670948028564,
        0.29114535450935364,
        0.3301254212856293,
        0.33049869537353516,
        0.14914493262767792,
        0.11160673201084137,
        0.28065788745880127,
        0.2870124876499176,
        0.2987370491027832,
        0.21748794615268707,
        0.1815245896577835,
        0.11493019759654999,
        0.2315768301486969,
        0.24820709228515625
      ],
      "q01": [
        -0.16288191157579424,
        -0.15451276068091394,
        -0.17044411838054657,
        -2.4860390448093415,
        -2.4346050027847292,
        -2.7656502079963685,
        -0.2813600290477276,
        -0.07963888591527939,
        0.15606512131392955,
        0.15519920612573623,
        -0.281151000893116,
        0.013772023214399812,
        0.156091919618845,
        0.1544295521080494,
        -0.27999378142356873,
        0.19267592225968838,
        0.15555863009095192,
        0.15505048478245737,
        0.07651677981168031,
        -0.2810725101351738,
        0.2549397359132767,
        0.15552780516147613,
        0.15541069355010986,
        -0.22413883709907534,
        0.3568934711933136,
        -0.1688912389278412,
        -0.5396326673030853,
        -0.9673763487562537
      ],
      "q99": [
        0.14015235596895215,
        0.18434016065597536,
        0.16007940864562992,
        2.17171534614563,
        2.0342981898307793,
        2.750942857265472,
        0.28034671500325203,
        1.2414278241217136,
        1.3142313055425883,
        1.342763519024849,
        0.2772518630385399,
        1.3866572585061192,
        1.3271241618782281,
        1.3464105792343617,
        0.27908979096412656,
        1.388179167956114,
        1.385416716709733,
        1.3826819677621125,
        0.705335477566719,
        0.2085360585570335,
        1.385508349737525,
        1.3220150576889516,
        1.2879008986473084,
        0.8357992524862288,
        1.1010118613421915,
        0.1691359202563763,
        0.47539644834995265,
        0.08084816666096462
      ]
    }
  }
}