{
  "norm_stats": {
    "actions": {
      "mean": [
        -0.0003272212634328753,
        -0.0007825306965969503,
        -0.0004812258412130177,
        0.41265881061553955,
        -0.005655941087752581,
        -0.009757067076861858,
        -0.0026367150712758303,
        -0.13049757480621338,
        0.7512614130973816,
        0.6424207091331482,
        0.6714823246002197,
        0.010712009854614735,
        0.8532106876373291,
        0.7407655715942383,
        0.7724363207817078,
        -0.07139792293310165,
        0.9152945280075073,
        0.8163561820983887,
        0.8450808525085449,
        0.05246542766690254,
        -0.12793269753456116,
        0.9569571614265442,
        0.928382933139801,
        0.9404634237289429,
        0.03383027762174606,
        0.944426417350769,
        0.05828491225838661,
        0.18594221770763397,
        0.40222492814064026
      ],
      "std": [
        0.10047394037246704,
        0.10295207053422928,
        0.09781648963689804,
        0.2735576927661896,
        0.5047656297683716,
        0.49554145336151123,
        0.5043746829032898,
        0.15325108170509338,
        0.3743405044078827,
        0.28677988052368164,
        0.27739188075065613,
        0.11704345792531967,
        0.4391487240791321,
        0.33424508571624756,
        0.3248315453529358,
        0.14555113017559052,
        0.4621250629425049,
        0.41095104813575745,
        0.3895828127861023,
        0.08269357681274414,
        0.1631576418876648,
        0.4793272614479065,
        0.41648173332214355,
        0.4128139317035675,
        0.35155537724494934,
        0.32582932710647583,
        0.118392214179039,
        0.340359628200531,
        0.2858080565929413
      ],
      "q01": [
        -0.21004007728099824,
        -0.22126302611231805,
        -0.20544838826656342,
        0.002501273524761198,
        -0.9715572324872017,
        -0.9667616780400277,
        -0.9611317302584648,
        -0.3782781893610954,
        -0.0010167416930198514,
        0.047837082572281364,
        -0.0005267312273383139,
        -0.28892566858530044,
        -0.0440639853477478,
        -0.0019293563045561304,
        0.00012691486254334458,
        -0.3500531672120094,
        0.044136523914337145,
        -0.0015154861718416207,
        0.005084108836948872,
        -0.014428177595138536,
        -0.35015337703824045,
        0.01205262295007703,
        0.044728787888213994,
        0.012001024901866914,
        -0.8196813799381256,
        0.1645468360647559,
        -0.21127504062652588,
        -0.6006136171221733,
        -0.1855493963301182
      ],
      "q99": [
        0.2088608848571777,
        0.21918841138482092,
        0.205100921356678,
        0.9778782626748084,
        0.9555720649838446,
        0.9427935333848001,
        0.9643806392550469,
        0.20229224097728726,
        1.4584415539503097,
        1.333379958808422,
        1.2942819628916682,
        0.3714199949145317,
        1.5766115605831148,
        1.451554872816801,
        1.3469051782805472,
        0.2987415710091591,
        1.570552944421768,
        1.5699480503872036,
        1.5699854969367384,
        0.3518279666304589,
        0.22846725361347198,
        1.5707833385407923,
        1.5699785136304796,
        1.5697805266976357,
        0.8576675754547118,
        1.2345327493429183,
        0.21614621561765668,
        0.6607063918471336,
        1.0480558130621909
      ]
    }
  }
}
